name,number of vertices,density,number of paths,number of vars (value),number of propagation (value),flatening time (value),solving time (value),path length,number of vars (path_value),number of propagation (path_value),flatening time (path_value),solving time (path_value)
SN12.dzn,17,0.06985294117647059,1,5323,13021,0.316011,0.0100155,2,304,792,0.181329,0.000132641
SN12.dzn,17,0.06985294117647059,,5323,12865,0.30863,0.000959687,,302,905,0.183722,0.000112793
SN12.dzn,17,0.06985294117647059,,5323,3332,0.310046,9.8587e-05,,302,0,0.189808,2.7352e-05
LS13.dzn,15,0.07142857142857142,1,399,877,0.170789,0.000150936,1,384,848,0.152099,0.000128653
LS13.dzn,,,,,,,,,,,,
LS13.dzn,15,0.07142857142857142,,399,890,0.161001,0.000125868,,380,922,0.153925,0.000120468
LC06.dzn,,,1,491,13212,0.243169,0.00056563,,,,,
LC06.dzn,,,,,,,,,,,,
LC06.dzn,20,0.05263157894736842,,491,1704,0.257852,0.000160043,,578,2444,0.247127,0.000187605
LH12.dzn,14,0.09340659340659341,1,12395,84813,0.495192,0.0414208,2,615,4362,0.165023,0.000303916
LH12.dzn,14,0.09340659340659341,,12395,63465,0.566808,0.00460193,,607,3816,0.149153,0.000234234
LH12.dzn,14,0.09340659340659341,,12395,63465,0.476554,0.00493749,,607,3816,0.150391,0.000228262
YE14.dzn,15,0.07142857142857142,1,3245,34982,0.227757,0.00452689,4,494,4453,0.157194,0.00028029
YE14.dzn,15,0.07142857142857142,,3245,7300,0.22202,0.000506058,,488,1594,0.155777,0.000155274
YE14.dzn,,,,,,,,,,,,
LT12.dzn,22,0.06277056277056277,1,5667,67298,0.492556,0.0140137,1,531,6561,0.308829,0.000313964
LT12.dzn,22,0.06277056277056277,,5667,25229,0.477832,0.00163,,527,2386,0.31799,0.000191222
LT12.dzn,22,0.06277056277056277,,5667,12600,0.499377,0.000970006,,527,1236,0.306231,0.000155655
LS11.dzn,16,0.0625,,,,,,1,279,2085,0.159762,0.000193637
LS11.dzn,,,,,,,,,,,,
LS11.dzn,16,0.0625,,,,,,,277,866,0.172145,0.000106472
NO03.dzn,15,0.08095238095238096,1,6011,54143,0.37183,0.0158051,1,512,8362,0.221716,0.000566632
NO03.dzn,15,0.08095238095238096,,6011,3755,0.354926,0.000135917,,,,,
NO03.dzn,15,0.08095238095238096,,6011,13651,0.322483,0.00104401,,,,,
NO04.dzn,12,0.09848484848484848,,,,,,1,349,7800,0.118822,0.000365882
NO04.dzn,12,0.09848484848484848,,,,,,,345,0,0.132809,2.9947e-05
NO04.dzn,12,0.09848484848484848,,,,,,,345,819,0.138778,0.000118835
NO01.dzn,15,0.08095238095238096,1,6011,57468,0.371284,0.0165198,2,512,6976,0.195176,0.000462916
NO01.dzn,,,,6011,21028,0.384217,0.001931,,,,,
NO01.dzn,,,,6011,21072,0.397748,0.00192022,,,,,
YE05.dzn,17,0.0625,1,3035,9876,0.306894,0.00359676,2,412,1478,0.231848,0.000215117
YE05.dzn,,,,,,,,,,,,
YE05.dzn,,,,3035,8732,0.324391,0.000793662,,,,,
LT13.dzn,16,0.07083333333333333,1,6011,41540,0.415667,0.0142691,2,521,3305,0.236007,0.000318463
LT13.dzn,16,0.07083333333333333,1,6011,32092,0.399283,0.0121659,1,515,2795,0.21875,0.000233893
LT13.dzn,16,0.07083333333333333,,6011,36036,0.406895,0.0028654,,515,3192,0.227623,0.000254472
YE02.dzn,16,0.08333333333333333,1,12395,152785,0.71984,0.0681454,1,670,15519,0.221676,0.000681449
YE02.dzn,16,0.08333333333333333,,12395,7781,0.747273,0.000276894,,662,0,0.240912,3.7661e-05
YE02.dzn,16,0.08333333333333333,,12395,7781,0.680746,0.000220176,,662,0,0.24923,3.3353e-05
LS07.dzn,11,0.1,1,3245,31157,0.219664,0.0063059,1,422,10064,0.151031,0.000647926
LS07.dzn,11,0.1,,3245,6537,0.228553,0.000601969,,416,1265,0.149839,0.0001426
LS07.dzn,11,0.1,1,3245,17543,0.223858,0.00407615,1,416,2813,0.147647,0.000271865
SN01.dzn,,,1,399,9241,0.340602,0.000616387,,,,,
SN01.dzn,,,,,,,,,,,,
SN01.dzn,20,0.05,,,,,,,443,1100,0.332894,0.000154241
LS02.dzn,11,0.10909090909090909,1,8841,154051,0.48504,0.0608271,1,431,12976,0.154559,0.000809652
LS02.dzn,11,0.10909090909090909,,,,,,,425,2610,0.168429,0.000243872
LS02.dzn,11,0.10909090909090909,,,,,,,425,1289,0.171926,0.000221249
SG12.dzn,,,1,5667,64544,0.572129,0.024102,,,,,
SG12.dzn,,,,,,,,,,,,
SG12.dzn,20,0.05526315789473684,,5667,19515,0.562166,0.00195655,,457,1599,0.363329,0.000228813
LS01.dzn,21,0.06666666666666667,1,9335,188383,0.903541,0.0564108,2,813,23126,0.435526,0.00205654
LS01.dzn,21,0.06666666666666667,,9335,65016,0.962286,0.00558557,,805,6003,0.540036,0.000466623
LS01.dzn,21,0.06666666666666667,,9335,24205,0.97332,0.00268049,,805,2722,0.543263,0.000432318
LC08.dzn,18,0.06209150326797386,1,3035,14270,0.492238,0.00589629,1,433,3385,0.42877,0.0030187
LC08.dzn,18,0.06209150326797386,,3035,8756,0.389301,0.00085578,,429,1548,0.328042,0.00024864
LC08.dzn,18,0.06209150326797386,,3035,9366,0.388795,0.000952914,,429,1629,0.320782,0.000256094
LS06.dzn,,,,,,,,,,,,
LS06.dzn,18,0.07516339869281045,,14693,142797,1.34357,0.0141838,,587,3557,0.586146,0.000303374
LS06.dzn,18,0.07516339869281045,,14693,9254,1.48199,0.000384618,,587,0,0.513703,9.0512e-05
SG02.dzn,19,0.07602339181286549,1,15536,561479,1.26214,0.170852,3,769,24451,0.404223,0.00178576
SG02.dzn,19,0.07602339181286549,1,15535,140119,1.39763,0.113619,2,761,4206,0.519233,0.000343059
SG02.dzn,19,0.07602339181286549,1,15535,204818,1.36906,0.114834,3,761,4519,0.521658,0.000363428
LC05.dzn,14,0.08241758241758242,,,,,,3,485,1987,0.299456,0.000263148
LC05.dzn,14,0.08241758241758242,,3245,13437,0.472662,0.00125599,,479,2769,0.420195,0.000299988
LC05.dzn,,,,,,,,,,,,
SG06.dzn,,,1,399,2186,0.2321,0.000329774,,,,,
SG06.dzn,,,,,,,,,,,,
SG06.dzn,13,0.08333333333333333,,399,1356,0.280545,0.000198866,,352,1325,0.249528,0.000156285
NO02.dzn,10,0.1111111111111111,1,307,1425,0.298124,0.000212933,1,224,1228,0.160049,0.000191242
NO02.dzn,,,,,,,,,,,,
NO02.dzn,10,0.1111111111111111,,307,222,0.199692,4.6569e-05,,222,0,0.2086,2.3143e-05
LH11.dzn,14,0.08791208791208792,,,,,,2,494,25134,0.372505,0.00120201
LH11.dzn,14,0.08791208791208792,,,,,,2,488,2667,0.396766,0.000274299
LH11.dzn,14,0.08791208791208792,,,,,,2,488,2667,0.42585,0.00028016
LT03.dzn,,,,,,,,,,,,
LT03.dzn,,,,,,,,,,,,
LT03.dzn,,,,,,,,,,,,
SG13.dzn,,,1,6699,152491,1.07151,0.0331567,,,,,
SG13.dzn,,,,6699,49383,1.1065,0.00399249,,,,,
SG13.dzn,,,1,6699,73256,1.09487,0.0408418,,,,,
SG01.dzn,11,0.11818181818181818,1,8841,42021,0.913594,0.0357631,1,440,2157,0.397032,0.000797189
SG01.dzn,,,,8841,22598,0.963599,0.00260669,,,,,
SG01.dzn,,,,8841,5525,0.978375,0.000262326,,,,,
YE13.dzn,18,0.05555555555555555,,,,,,,,,,
YE13.dzn,,,,,,,,,,,,
YE13.dzn,18,0.05555555555555555,1,399,1350,0.610957,0.000216259,,,,,
LS12.dzn,12,0.08333333333333333,1,399,6796,0.422234,0.000498033,,,,,
LS12.dzn,,,,,,,,,,,,
LS12.dzn,12,0.08333333333333333,,399,1358,0.352592,0.000167386,,331,1260,0.347827,0.000157308
LC01.dzn,14,0.1043956043956044,1,16377,362982,1.52601,0.304509,2,753,14011,0.665411,0.00105946
LC01.dzn,14,0.1043956043956044,,16377,52118,1.92264,0.0234368,,743,3065,0.470689,0.000266905
LC01.dzn,14,0.1043956043956044,,16377,174208,1.69177,0.0403043,,743,5865,0.594737,0.000367596
LT11.dzn,20,0.05263157894736842,1,3455,13600,0.760182,0.00571695,1,714,6832,0.802098,0.000524653
LT11.dzn,,,,3455,7143,1.01192,0.000685247,,,,,
LT11.dzn,,,,3455,7142,1.03803,0.000680638,,,,,
YE01.dzn,16,0.07916666666666666,1,8347,56932,1.25765,0.0781934,1,419,3314,0.520125,0.000303554
YE01.dzn,16,0.07916666666666666,,8347,20992,0.895468,0.00223266,,415,981,0.485114,0.000138182
YE01.dzn,16,0.07916666666666666,,8347,39230,1.18221,0.00362442,,415,1793,0.342144,0.000188667
YE12.dzn,16,0.07916666666666666,1,3245,52632,0.693868,0.0289401,3,539,11293,0.607263,0.000643648
YE12.dzn,16,0.07916666666666666,,3245,13396,0.735353,0.00107937,,533,2846,0.514893,0.000226378
YE12.dzn,16,0.07916666666666666,,3245,2054,0.802035,8.6254e-05,,533,0,0.554492,2.5658e-05
YE15.dzn,17,0.08455882352941177,,,,,,1,454,14962,0.603945,0.00075548
YE15.dzn,17,0.08455882352941177,,3035,10272,0.768869,0.000950919,,450,2104,0.655794,0.000262216
YE15.dzn,17,0.08455882352941177,,3035,10012,0.859914,0.000938977,,450,1915,0.590584,0.0232261
LC07.dzn,21,0.05952380952380952,1,9829,81496,1.87919,0.0815323,1,922,7474,0.942356,0.0166855
LC07.dzn,,,,9829,115974,2.17507,0.0295948,,,,,
LC07.dzn,,,,9829,56850,1.89127,0.0264203,,,,,
LC12.dzn,,,,,,,,,,,,
LC12.dzn,,,,,,,,,,,,
LC12.dzn,,,,,,,,,,,,
LT01.dzn,,,,,,,,,,,,
LT01.dzn,,,,,,,,,,,,
LT01.dzn,,,,,,,,,,,,
NA01.dzn,10,0.1111111111111111,1,3405,30038,0.683072,0.0196209,1,479,13096,0.345509,0.000799464
NA01.dzn,10,0.1111111111111111,,3405,17942,0.461621,0.00149038,,471,3507,0.322338,0.000258259
NA01.dzn,10,0.1111111111111111,1,3405,26765,0.653117,0.00648231,3,471,2978,0.275452,0.000708491
PB11.dzn,29,0.04310344827586207,1,22055,2546482,4.55448,0.893714,1,978,60035,2.04393,0.017359
PB11.dzn,,,,22055,157894,5.79944,0.0526528,,,,,
PB11.dzn,,,,22055,81730,5.85856,0.0229347,,,,,
LC11.dzn,,,,,,,,,,,,
LC11.dzn,,,,,,,,,,,,
LC11.dzn,,,,,,,,,,,,
YE04.dzn,,,1,8841,153976,1.37864,0.143921,,,,,
YE04.dzn,,,1,8841,63146,1.3476,0.102838,,,,,
YE04.dzn,,,,8841,39370,1.27131,0.0175279,,,,,
SN11.dzn,,,,,,,,,,,,
SN11.dzn,,,,,,,,,,,,
SN11.dzn,,,,,,,,,,,,
LT02.dzn,,,1,7387,81259,1.73482,0.0946049,,,,,
LT02.dzn,19,0.05847953216374269,,7387,17961,1.67636,0.00168132,,1073,5206,0.912748,0.000383315
LT02.dzn,19,0.05847953216374269,,7387,4596,1.51602,0.000154052,,1073,0,0.935937,3.0498e-05
LS04.dzn,27,0.039886039886039885,,,,,,4,719,2089,1.95625,0.000234855
LS04.dzn,27,0.039886039886039885,,,,,,,713,1899,2.24898,0.000205098
LS04.dzn,27,0.039886039886039885,,,,,,,713,2866,2.13799,0.000381774
SG11.dzn,,,,,,,,,,,,
SG11.dzn,,,,3035,5929,1.29146,0.0241243,,,,,
SG11.dzn,,,,3035,2901,1.23166,0.000232611,,,,,
SG03.dzn,,,,0,0,3.15104,0,,,,,
SG03.dzn,20,0.06315789473684211,,,,,,,750,0,1.32872,0.0185336
SG03.dzn,,,,,,,,,,,,
SG14.dzn,,,,,,,,,,,,
SG14.dzn,22,0.05844155844155844,,6011,21047,2.75277,0.0273655,,659,2705,2.03703,0.00109986
SG14.dzn,22,0.05844155844155844,,6011,23208,2.62258,0.0163406,,659,2789,1.5889,0.000231808
LH13.dzn,16,0.0875,1,12395,247292,3.08424,0.357592,2,681,13477,1.16007,0.000733719
LH13.dzn,16,0.0875,,12395,88577,3.41593,0.038289,,673,4269,1.06139,0.000405528
LH13.dzn,,,,,,,,,,,,
SG05.dzn,19,0.05847953216374269,1,3035,25818,1.55546,0.0279558,3,447,3291,1.31604,0.00107093
SG05.dzn,,,,3035,1923,1.65109,0.000101232,,,,,
SG05.dzn,,,,3035,8754,1.67502,0.00832637,,,,,
LS08.dzn,20,0.07105263157894737,1,15591,178649,4.36905,0.477474,1,791,14053,1.63794,0.0176351
LS08.dzn,20,0.07105263157894737,,15535,128657,3.91506,0.0723267,,783,4851,1.55802,0.000396921
LS08.dzn,20,0.07105263157894737,,15535,9812,4.71301,0.0342462,,783,0,1.62515,0.000114447
YE11.dzn,14,0.08791208791208792,1,9335,77841,2.34313,0.159103,3,604,4459,0.951734,0.00102295
YE11.dzn,14,0.08791208791208792,,9335,53946,2.47797,0.0415391,,596,0,0.830597,0
YE11.dzn,14,0.08791208791208792,,9335,67685,1.93675,0.0343693,,596,0,0.802245,0
SG04.dzn,19,0.06432748538011696,1,9335,122183,2.47795,0.142508,1,725,7002,1.16757,0.028574
SG04.dzn,19,0.06432748538011696,,9335,53788,2.4875,0.00539757,,717,4286,1.20903,0.000281403
SG04.dzn,19,0.06432748538011696,,9335,24245,2.81511,0.0246922,,717,2518,1.59922,0.000341546
